{
	"extension.description": "Supporto per il debug di Node.js (versioni < 8.0)",
	"node.label": "Node.js",
	"open.loaded.script": "Apri script caricato",
	"attach.node.process": "Collega al processo Node",
	"toggle.skipping.this.file": "Attiva/disattiva Ignora questo file",
	"toggle.auto.attach": "Attiva/Disattiva Auto Attach",
	"loaded.scripts.view.name": "Script caricati",
	"smartStep.description": "Esegue automaticamente un'istruzione alla volta del codice generato che non può essere mappato all'origine.",
	"skipFiles.description": "Matrice di criteri GLOB per i file da ignorare durante il debug.",
	"outFiles.description": "Se sono abilitati i mapping di origine, questi criteri GLOB specificano i file JavaScript generati. Se un criterio inizia con '!', i file sono esclusi. Se non è specificato, il codice generato dovrebbe trovarsi nella stessa directory dell'origine.",
	"outDir.deprecationMessage": "L'attributo 'outDir' è deprecato. Usare 'outFiles'.",
	"trace.description": "Produce l'output di diagnostica. Invece di impostare questa opzione su true, è possibile elencare uno o più selettori delimitati da virgole. Usare il selettore 'verbose' per abilitare output molto dettagliato.",
	"launch.args.description": "Argomenti della riga di comando passati al programma.",
	"node.protocol.description": "Protocollo di debug di Node.js da usare.",
	"node.protocol.auto.description": "prova a rilevare automaticamente il protocollo migliore, selezionando 'inspector' per lanciare Node versione 8.0 o superiore",
	"node.protocol.inspector.description": "nuovo protocollo supportato da Node.js a partire dalla versione 6.3",
	"node.protocol.legacy.description": "vecchio protocollo supportato da Node.js per le versioni precedenti alla 8.0",
	"node.sourceMaps.description": "Usa i mapping di origine JavaScript (se esistenti).",
	"node.stopOnEntry.description": "Arresta automaticamente il programma dopo l'avvio.",
	"node.port.description": "Porta di debug a cui connettersi. Il valore predefinito è 5858.",
	"node.address.description": "Indirizzo TCP/IP del processo di cui eseguire il debug (solo per Node.js >= 5.0). L'impostazione predefinita è 'localhost'.",
	"node.timeout.description": "Numero di millisecondi in cui vengono effettuati i tentativi di connessione a Node.js. Il valore predefinito è 10000 ms.",
	"node.restart.description": "Riavvia la sessione dopo la chiusura di Node.js.",
	"node.localRoot.description": "Percorso della directory locale che contiene il programma.",
	"node.remoteRoot.description": "Percorso assoluto della directory remota che contiene il programma.",
	"node.showAsyncStacks.description": "Mostra le chiamate asincrone che hanno causato lo stack di chiamate corrente. Solo protocollo 'inspector'.",
	"node.sourceMapPathOverrides.description": "Un insieme di mapping per riscrivere i percorsi dei file sorgenti dalla locazione indicata nel sourcemap alla loro posizione sul disco.",
	"node.launch.program.description": "Percorso assoluto del programma. Per ipotizzare il valore generato, esaminare package.json e i file aperti. Modificare questo attributo.",
	"node.launch.externalConsole.deprecationMessage": "L'attributo 'externalConsole' è deprecato. Usare 'console'.",
	"node.launch.console.description": "Indica dove avviare la destinazione di debug.",
	"node.launch.console.internalConsole.description": "console di debug di Visual Studio Code (che non include il supporto per leggere dati di input da un programma)",
	"node.launch.console.integratedTerminal.description": "terminale integrato di Visual Studio Code",
	"node.launch.console.externalTerminal.description": "terminale esterno che può essere configurato tramite impostazioni utente",
	"node.launch.cwd.description": "Percorso assoluto della directory di lavoro del programma di cui eseguire il debug.",
	"node.launch.runtimeExecutable.description": "Runtime da usare. Corrisponde a un percorso assoluto o al nome di un runtime disponibile in PATH. Se viene omesso, si presuppone che sia 'node'.",
	"node.launch.runtimeArgs.description": "Argomenti facoltativi passati all'eseguibile del runtime.",
	"node.launch.runtimeVersion.description": "Versione del runtime di 'node' da utilizzare. Necessita di 'nvm'.",
	"node.launch.env.description": "Variabili di ambiente passate al programma. Il valore 'null' rimuove la variabile dall'ambiente.",
	"node.launch.envFile.description": "Percorso assoluto di un file che contiene le definizioni delle variabili di ambiente.",
	"node.launch.useWSL.description": "Usa il sottosistema Linux per Windows",
	"node.launch.outputCapture.description": "Da dove catturare i messaggi di output: dalle API di debug o dai flussi stdout/stderr.",
	"node.launch.autoAttachChildProcesses.description": "Collega automaticamente il debugger ad un nuovo processo figlio.",
	"node.launch.config.name": "Launch",
	"node.attach.processId.description": "ID del processo a cui collegarsi.",
	"node.attach.config.name": "Attach",
	"node.processattach.config.name": "Collega a processo",
	"node.snippet.launch.label": "Node.js: avvia il programma",
	"node.snippet.launch.description": "Avvia un programma Node in modalità di debug",
	"node.snippet.npm.label": "Node.js: avvio tramite npm",
	"node.snippet.npm.description": "Avvia un programma Node tramite uno script 'debug' di npm",
	"node.snippet.attach.label": "Node.js: collega",
	"node.snippet.attach.description": "Collega a un programma node in esecuzione",
	"node.snippet.remoteattach.label": "Node.js: collega a programma remoto",
	"node.snippet.remoteattach.description": "Collega alla porta di debug di un programma Node remoto",
	"node.snippet.attachProcess.label": "Node.js: collega al processo",
	"node.snippet.attachProcess.description": "Apre l'utilità di selezione processi per selezionare il processo Node a cui collegarsi",
	"node.snippet.nodemon.label": "Node.js: configurazione di nodemon",
	"node.snippet.nodemon.description": "Usa nodemon per riavviare una sessione di debug in seguito a modifiche dell'origine",
	"node.snippet.mocha.label": "Node.js: test Mocha",
	"node.snippet.mocha.description": "Esegue il debug di test Mocha",
	"node.snippet.yo.label": "Node.js: generatore yeoman",
	"node.snippet.yo.description": "Esegue il debug del generatore yeoman (per installare, eseguire 'npm link' nella cartella del progetto)",
	"node.snippet.gulp.label": "Node.js: attività gulp",
	"node.snippet.gulp.description": "Esegue il debug dell'attività gulp (assicurarsi che nel progetto sia installata un'istanza locale di gulp)",
	"node.snippet.electron.label": "Node.js: principale Electron",
	"node.snippet.electron.description": "Esegue il debug del processo principale Electron"
}