{
	"description": "Extension to add task support for npm scripts.",
	"displayName": "Npm support for VS Code",
	"config.npm.autoDetect": "Controls whether auto detection of npm scripts is on or off. Default is on.",
	"config.npm.runSilent": "Run npm commands with the `--silent` option.",
	"config.npm.packageManager": "The package manager used to run scripts.",
	"config.npm.exclude": "Configure glob patterns for folders that should be excluded from automatic script detection.",
	"config.npm.enableScriptExplorer": "Enable an explorer view for npm scripts.",
	"config.npm.scriptExplorerAction": "The default click action used in the scripts explorer: 'open' or 'run', the default is 'open'.",
	"npm.parseError": "Npm task detection: failed to parse the file {0}",
	"taskdef.script": "The npm script to customize.",
	"taskdef.path": "The path to the folder of the package.json file that provides the script. Can be omitted.",
	"view.name": "Npm Scripts",
	"command.refresh": "Refresh",
	"command.run": "Run",
	"command.debug": "Debug",
	"command.openScript": "Open",
	"command.runInstall": "Run Install"
}
